PID,Player,Team,Apps,Minutes,Goals,Assists,xG,xA,xG90,xA90
1,Mohamed Salah,Liverpool,36,2954,32,10,25.14,8.34,0.77,0.25
2,Harry Kane,Tottenham,37,3094,30,2,26.86,3.82,0.78,0.11
3,Sergio Agüero,Manchester City,25,1985,21,6,18.57,6.53,0.84,0.30
4,Jamie Vardy,Leicester,37,3269,20,1,15.27,3.63,0.42,0.10
5,Raheem Sterling,Manchester City,33,2594,18,11,18.83,8.84,0.65,0.31
6,Romelu Lukaku,Manchester United,34,2869,16,7,15.47,5.47,0.49,0.17
7,Roberto Firmino,Liverpool,37,2814,15,7,10.76,7.68,0.34,0.25
8,Alexandre Lacazette,Arsenal,32,2235,14,4,13.83,4.84,0.56,0.19
9,Gabriel Jesus,Manchester City,29,1692,13,3,15.37,2.31,0.82,0.12
10,Son Heung-Min,Tottenham,37,2315,12,6,11.02,6.59,0.43,0.26
11,Eden Hazard,Chelsea,34,2451,12,4,8.21,7.30,0.30,0.27
12,Riyad Mahrez,Leicester,36,2977,12,10,6.61,7.55,0.20,0.23
13,Glenn Murray,Brighton,35,2204,12,0,12.38,1.24,0.51,0.05
14,Marko Arnautovic,West Ham,31,2343,11,6,9.80,4.45,0.38,0.17
15,Álvaro Morata,Chelsea,31,2069,11,6,13.90,3.58,0.60,0.16
16,Pierre-Emerick Aubameyang,Arsenal,13,1056,10,4,9.17,1.26,0.78,0.11
17,Leroy Sané,Manchester City,32,2421,10,15,6.24,9.05,0.23,0.34
18,Wayne Rooney,Everton,31,2301,10,2,8.91,2.28,0.35,0.09
19,Christian Eriksen,Tottenham,37,3239,10,10,7.25,11.89,0.20,0.33
20,Sadio Mané,Liverpool,29,2230,10,7,11.52,5.25,0.46,0.21
21,Chris Wood,Burnley,24,1639,10,1,7.64,0.60,0.42,0.03
22,Luka Milivojevic,Crystal Palace,36,3087,10,1,7.87,1.26,0.23,0.04
24,Wilfried Zaha,Crystal Palace,29,2551,9,3,9.74,5.30,0.34,0.19
25,Anthony Martial,Manchester United,30,1589,9,5,6.30,5.44,0.36,0.31
26,David Silva,Manchester City,29,2442,9,11,9.24,8.83,0.34,0.33
27,Dele Alli,Tottenham,36,2991,9,10,10.10,8.84,0.30,0.27
28,Ashley Barnes,Burnley,36,2143,9,0,6.56,1.50,0.28,0.06
29,Chicharito,West Ham,28,1524,8,0,5.25,1.42,0.31,0.08
30,Kevin De Bruyne,Manchester City,37,3103,8,16,5.40,13.10,0.16,0.38
31,Joshua King,Bournemouth,33,2458,8,3,6.56,4.89,0.24,0.18
32,Callum Wilson,Bournemouth,28,2007,8,2,7.62,1.55,0.34,0.07
33,Jesse Lingard,Manchester United,33,1836,8,5,8.05,3.58,0.39,0.18
34,Oumar Niasse,Everton,22,1075,8,2,7.42,1.55,0.62,0.13
35,Ayoze Pérez,Newcastle United,36,2502,8,5,6.86,5.45,0.25,0.20
36,Xherdan Shaqiri,Stoke,36,3066,8,7,4.99,6.88,0.15,0.20
37,Pascal Groß,Brighton,38,2979,7,8,3.34,8.66,0.10,0.26
38,Philippe Coutinho,Liverpool,14,1132,7,6,3.64,4.95,0.29,0.39
40,Aaron Ramsey,Arsenal,24,1849,7,8,6.84,5.92,0.33,0.29
41,Marcus Rashford,Manchester United,35,1792,7,5,5.53,4.60,0.28,0.23
42,Jordan Ayew,Swansea,36,2862,7,2,6.85,1.92,0.22,0.06
43,Salomón Rondón,West Bromwich Albion,36,2781,7,3,6.87,2.61,0.22,0.08
44,Jay Rodriguez,West Bromwich Albion,37,2845,7,1,7.64,1.83,0.24,0.06
45,Charlie Austin,Southampton,24,1023,7,0,7.72,0.69,0.68,0.06
46,Marcos Alonso,Chelsea,33,2869,7,2,4.37,3.06,0.14,0.10
47,Abdoulaye Doucouré,Watford,37,3326,7,3,3.11,2.39,0.08,0.06
48,Steve Mounie,Huddersfield,28,1850,7,1,5.80,1.61,0.28,0.08
49,Willian,Chelsea,36,1872,6,7,5.98,6.17,0.29,0.30
50,Dwight Gayle,Newcastle United,35,1968,6,3,9.67,2.39,0.44,0.11
51,Shinji Okazaki,Leicester,27,1340,6,2,7.49,1.85,0.50,0.12
52,Dusan Tadic,Southampton,36,2854,6,3,5.66,6.16,0.18,0.19
53,Mame Biram Diouf,Stoke,35,2609,6,2,7.49,2.12,0.26,0.07
54,Paul Pogba,Manchester United,27,2158,6,10,7.81,4.59,0.33,0.19
55,Bernardo Silva,Manchester City,35,1500,6,4,4.53,3.06,0.27,0.18
56,Laurent Depoitre,Huddersfield,33,1794,6,1,3.59,1.37,0.18,0.07
57,Eric Maxim Choupo-Moting,Stoke,30,2257,5,5,6.29,3.23,0.25,0.13
58,Junior Stanislas,Bournemouth,19,1313,5,2,3.83,1.91,0.26,0.13
59,Nacho Monreal,Arsenal,28,2246,5,2,1.90,3.01,0.08,0.12
60,Danny Welbeck,Arsenal,28,1169,5,2,5.72,1.37,0.44,0.11
61,Manuel Lanzini,West Ham,27,2054,5,6,3.83,3.73,0.17,0.16
62,Troy Deeney,Watford,29,1832,5,2,7.15,2.38,0.35,0.12
63,Fernandinho,Manchester City,34,2890,5,3,2.47,2.84,0.08,0.09
64,James McArthur,Crystal Palace,33,2440,5,1,4.23,2.06,0.16,0.08
65,Tammy Abraham,Swansea,31,1706,5,1,6.16,1.44,0.32,0.08
66,Patrick van Aanholt,Crystal Palace,28,2184,5,1,3.39,2.46,0.14,0.10
67,Peter Crouch,Stoke,31,1532,5,2,4.22,3.15,0.25,0.18
68,Manolo Gabbiadini,Southampton,28,1056,5,0,2.52,0.55,0.21,0.05
69,Andre Gray,Watford,31,1486,5,2,7.00,2.32,0.42,0.14
70,Ryan Fraser,Bournemouth,26,2016,5,3,1.98,2.74,0.09,0.12
71,Roberto Pereyra,Watford,32,1618,5,2,3.91,2.67,0.22,0.15
72,Richarlison,Watford,38,2832,5,4,10.66,3.81,0.34,0.12
73,José Izquierdo,Brighton,32,1998,5,3,3.62,2.33,0.16,0.10
74,Cenk Tosun,Everton,14,998,5,0,3.19,1.72,0.29,0.16
75,Ilkay Gündogan,Manchester City,30,1504,4,1,3.58,2.35,0.21,0.14
76,Mesut Özil,Arsenal,26,2166,4,8,4.39,9.13,0.18,0.38
77,Mark Noble,West Ham,29,2411,4,0,2.28,1.81,0.09,0.07
78,Nicolás Otamendi,Manchester City,34,2975,4,0,3.19,1.16,0.10,0.04
79,Chris Smalling,Manchester United,29,2533,4,0,2.17,0.18,0.08,0.01
80,Marouane Fellaini,Manchester United,16,601,4,0,2.73,0.16,0.41,0.02
81,Pedro,Chelsea,31,1523,4,2,3.60,1.69,0.21,0.10
82,Gylfi Sigurdsson,Everton,27,2265,4,3,3.19,3.75,0.13,0.15
83,Jermain Defoe,Bournemouth,24,1074,4,1,4.54,1.02,0.38,0.09
84,Joselu,Newcastle United,30,1730,4,1,6.36,1.30,0.33,0.07
85,Sam Vokes,Burnley,29,953,4,1,3.01,1.15,0.28,0.11
86,Dominic Calvert-Lewin,Everton,32,1861,4,6,5.44,3.07,0.26,0.15
87,Aaron Mooy,Huddersfield,36,3077,4,3,2.86,4.15,0.08,0.12
89,Matt Ritchie,Newcastle United,35,2822,3,5,3.19,6.59,0.10,0.21
90,Alex Iwobi,Arsenal,26,1873,3,5,4.13,3.49,0.20,0.17
92,Bakary Sako,Crystal Palace,16,446,3,0,2.27,0.77,0.46,0.16
93,James Tomkins,Crystal Palace,28,2386,3,0,2.71,0.07,0.10,0.00
94,Michail Antonio,West Ham,21,1347,3,1,2.01,0.92,0.13,0.06
95,Andy Carroll,West Ham,16,739,3,0,1.57,0.53,0.19,0.06
96,Victor Moses,Chelsea,28,2128,3,3,3.08,2.64,0.13,0.11
97,Juan Mata,Manchester United,28,1942,3,5,3.81,4.73,0.18,0.22
98,Emre Can,Liverpool,26,2099,3,4,1.51,3.05,0.06,0.13
99,Christian Benteke,Crystal Palace,31,2224,3,5,11.17,3.28,0.45,0.13
100,Kelechi Iheanacho,Leicester,21,809,3,3,4.83,2.08,0.54,0.23
101,Antonio Valencia,Manchester United,31,2746,3,1,0.54,1.46,0.02,0.05
103,Demarai Gray,Leicester,35,1680,3,1,2.64,3.25,0.14,0.17
104,Daryl Janmaat,Watford,23,1823,3,0,1.65,0.99,0.08,0.05
105,Jamaal Lascelles,Newcastle United,33,2929,3,0,1.51,0.37,0.05,0.01
107,James Ward-Prowse,Southampton,30,1714,3,3,2.31,3.95,0.12,0.21
108,Steven Davis,Southampton,23,1529,3,0,1.29,1.18,0.08,0.07
110,Sam Clucas,Swansea,29,2043,3,1,1.94,0.99,0.09,0.04
111,Shkodran Mustafi,Arsenal,27,2272,3,1,0.72,1.90,0.03,0.08
112,Vicente Iborra,Leicester,19,1424,3,0,1.59,0.48,0.10,0.03
113,Danilo,Manchester City,23,1338,3,2,1.25,0.19,0.08,0.01
114,Anthony Knockaert,Brighton,33,2433,3,1,4.25,3.08,0.16,0.11
115,Rajiv van La Parra,Huddersfield,33,2165,3,0,3.09,0.83,0.13,0.03
116,Sead Kolasinac,Arsenal,27,2154,2,4,2.55,4.01,0.11,0.17
117,Steve Cook,Bournemouth,34,2761,2,1,1.36,1.02,0.04,0.03
118,Andrew Surman,Bournemouth,25,1842,2,5,0.99,1.53,0.05,0.07
119,Dan Gosling,Bournemouth,28,1940,2,1,2.27,0.95,0.11,0.04
120,Joe Allen,Stoke,36,3143,2,6,2.12,2.57,0.06,0.07
121,Jordon Ibe,Bournemouth,32,2005,2,6,2.93,3.75,0.13,0.17
123,Héctor Bellerín,Arsenal,35,3051,2,3,2.47,4.65,0.07,0.14
124,Laurent Koscielny,Arsenal,25,2232,2,0,2.17,0.44,0.09,0.02
125,Cheikhou Kouyaté,West Ham,33,2803,2,3,1.80,0.88,0.06,0.03
126,Pedro Obiang,West Ham,21,1564,2,0,0.33,0.56,0.02,0.03
127,Nathan Aké,Bournemouth,38,3353,2,3,2.23,1.87,0.06,0.05
128,Leighton Baines,Everton,22,1911,2,3,2.07,2.30,0.10,0.11
129,Dejan Lovren,Liverpool,29,2121,2,1,2.01,1.33,0.09,0.06
130,Wilfried Bony,Swansea,15,699,2,0,1.47,0.18,0.19,0.02
131,Ashley Young,Manchester United,30,2451,2,4,0.71,3.75,0.03,0.14
132,Erik Lamela,Tottenham,25,822,2,2,3.58,1.85,0.39,0.20
133,Diafra Sakho,West Ham,14,264,2,0,1.75,0.03,0.59,0.01
134,Ben Davies,Tottenham,29,2328,2,6,1.02,3.74,0.04,0.14
135,Idrissa Gueye,Everton,33,2769,2,1,1.50,1.21,0.05,0.04
136,César Azpilicueta,Chelsea,37,3330,2,6,1.38,4.65,0.04,0.13
137,Cesc Fàbregas,Chelsea,32,2314,2,4,2.52,6.85,0.10,0.27
138,Ruben Loftus-Cheek,Crystal Palace,24,1877,2,3,3.45,3.25,0.17,0.16
139,Kenedy,Newcastle United,13,1039,2,2,2.40,1.82,0.21,0.16
140,Jack Cork,Burnley,38,3420,2,1,1.70,0.78,0.04,0.02
141,Ki Sung-yueng,Swansea,25,1869,2,2,0.85,1.77,0.04,0.09
142,Marc Albrighton,Leicester,34,2551,2,7,1.63,5.70,0.06,0.20
143,Andros Townsend,Crystal Palace,36,3141,2,7,3.11,8.64,0.09,0.25
144,Craig Dawson,West Bromwich Albion,28,2512,2,0,2.26,0.94,0.08,0.03
145,Jonny Evans,West Bromwich Albion,28,2276,2,2,1.74,1.05,0.07,0.04
146,Shane Long,Southampton,30,1566,2,1,3.99,1.31,0.23,0.08
147,Maya Yoshida,Southampton,24,2051,2,0,1.99,0.55,0.09,0.02
148,Ciaran Clark,Newcastle United,20,1744,2,1,2.17,0.95,0.11,0.05
149,Tom Davies,Everton,33,1901,2,1,1.48,0.65,0.07,0.03
150,João Mário,West Ham,13,1037,2,1,1.77,1.15,0.15,0.10
151,Scott Arfield,Burnley,18,1343,2,1,1.36,0.40,0.09,0.03
152,Johann Berg Gudmundsson,Burnley,35,2845,2,8,2.95,5.05,0.09,0.16
153,Michy Batshuayi,Chelsea,12,342,2,1,1.34,0.09,0.35,0.02
154,Harry Maguire,Leicester,38,3420,2,4,2.31,4.56,0.06,0.12
155,Jake Livermore,West Bromwich Albion,34,2677,2,2,2.64,1.53,0.09,0.05
156,Christian Kabasele,Watford,28,2330,2,0,0.78,0.13,0.03,0.01
157,Alfie Mawson,Swansea,38,3420,2,1,2.51,0.56,0.07,0.01
158,Sofiane Boufal,Southampton,26,1198,2,2,1.63,1.71,0.12,0.13
159,Jack Stephens,Southampton,22,1980,2,0,1.30,0.24,0.06,0.01
160,Matt Phillips,West Bromwich Albion,30,2097,2,2,2.60,3.27,0.11,0.14
161,Hal Robson-Kanu,West Bromwich Albion,21,811,2,0,1.90,0.41,0.21,0.05
162,Jeff Hendrick,Burnley,34,2363,2,2,2.09,2.70,0.08,0.10
163,Lys Mousset,Bournemouth,23,569,2,0,1.15,1.11,0.18,0.18
164,Ramadan Sobhi,Stoke,24,1227,2,0,1.07,0.99,0.08,0.07
165,Antonio Rüdiger,Chelsea,27,2337,2,1,2.07,0.50,0.08,0.02
166,Christian Atsu,Newcastle United,28,1777,2,2,3.97,2.78,0.20,0.14
167,Tiemoué Bakayoko,Chelsea,29,2118,2,2,3.45,1.32,0.15,0.06
168,Serge Aurier,Tottenham,17,1432,2,2,0.77,2.64,0.05,0.17
169,Ahmed Hegazy,West Bromwich Albion,38,3389,2,0,2.32,0.42,0.06,0.01
170,Tomer Hemed,Brighton,16,849,2,2,1.70,0.11,0.18,0.01
171,Tom Ince,Huddersfield,33,2465,2,0,6.73,1.47,0.25,0.05
172,Mohamed Diamé,Newcastle United,31,2042,2,0,1.68,1.01,0.07,0.04
173,Will Hughes,Watford,15,1004,2,3,0.66,1.48,0.06,0.13
174,Badou Ndiaye,Stoke,13,1144,2,1,1.15,0.31,0.09,0.02
175,Granit Xhaka,Arsenal,38,3274,1,7,2.18,2.86,0.06,0.08
176,Elias Kachunga,Huddersfield,19,1350,1,1,1.84,0.63,0.12,0.04
177,Ragnar Klavan,Liverpool,19,1448,1,0,0.93,0.14,0.06,0.01
178,Joel Matip,Liverpool,25,1993,1,0,2.35,0.58,0.11,0.03
179,Charlie Daniels,Bournemouth,35,3012,1,3,0.57,2.48,0.02,0.07
180,Mamadou Sakho,Crystal Palace,19,1598,1,2,1.49,1.01,0.08,0.06
181,Per Mertesacker,Arsenal,6,360,1,0,0.09,0.00,0.02,0.00
182,Scott Dann,Crystal Palace,17,1435,1,0,2.43,0.22,0.15,0.01
183,Yannick Bolasie,Everton,16,851,1,0,2.02,0.34,0.21,0.04
184,Angelo Ogbonna,West Ham,32,2880,1,0,0.77,0.45,0.02,0.01
185,Aaron Cresswell,West Ham,36,3081,1,7,0.67,3.32,0.02,0.10
186,Miguel Britos,Watford,12,798,1,0,0.82,0.89,0.09,0.10
187,Etienne Capoue,Watford,23,1544,1,0,0.98,0.79,0.06,0.05
188,Gareth Barry,West Bromwich Albion,25,1935,1,1,1.36,1.42,0.06,0.07
189,Gerard Deulofeu,Watford,7,443,1,0,0.56,0.59,0.11,0.12
190,Tom Cleverley,Watford,23,1909,1,2,1.78,1.40,0.08,0.07
191,Jordan Henderson,Liverpool,27,2172,1,1,1.14,1.95,0.05,0.08
192,Vincent Kompany,Manchester City,17,1401,1,1,1.02,0.41,0.07,0.03
193,Nacer Chadli,West Bromwich Albion,5,216,1,0,0.12,0.10,0.05,0.04
194,James Collins,West Ham,13,1051,1,0,0.48,0.51,0.04,0.04
195,Nemanja Matic,Manchester United,36,3121,1,1,0.45,1.39,0.01,0.04
196,Federico Fernández,Swansea,30,2678,1,1,1.06,0.76,0.04,0.03
197,Ashley Williams,Everton,24,1840,1,0,0.79,0.15,0.04,0.01
198,Leroy Fer,Swansea,20,1399,1,1,1.61,1.20,0.10,0.08
199,N'Golo Kanté,Chelsea,34,3005,1,1,0.73,3.63,0.02,0.11
200,Daniel Drinkwater,Chelsea,12,519,1,0,0.18,0.27,0.03,0.05
202,Jonjo Shelvey,Newcastle United,30,2268,1,3,2.18,2.60,0.09,0.10
203,Georginio Wijnaldum,Liverpool,33,2392,1,2,2.99,1.64,0.11,0.06
204,Moussa Sissoko,Tottenham,33,1385,1,1,2.94,2.50,0.19,0.16
205,Aleksandar Mitrovic,Newcastle United,6,73,1,0,1.23,0.27,1.51,0.34
206,Henri Saivet,Newcastle United,1,86,1,0,0.04,0.00,0.04,0.00
207,Robbie Brady,Burnley,15,1279,1,2,1.13,2.18,0.08,0.15
208,Nathan Redmond,Southampton,31,1947,1,3,2.32,4.20,0.11,0.19
209,Darren Fletcher,Stoke,27,2234,1,1,0.29,1.69,0.01,0.07
210,James McClean,West Bromwich Albion,30,1378,1,0,1.76,0.71,0.11,0.05
211,Alex Pritchard,Huddersfield,14,1006,1,1,1.15,2.11,0.10,0.19
212,Adam Smith,Bournemouth,27,2067,1,3,0.43,1.47,0.02,0.06
213,Victor Wanyama,Tottenham,18,830,1,0,0.32,0.26,0.03,0.03
214,Oriol Romeu,Southampton,34,2911,1,0,2.58,1.66,0.08,0.05
215,Fabian Delph,Manchester City,22,1747,1,2,0.20,1.31,0.01,0.07
216,Harry Arter,Bournemouth,13,961,1,0,0.30,0.21,0.03,0.02
217,Ryan Shawcross,Stoke,27,2371,1,1,2.78,0.22,0.11,0.01
218,Kurt Zouma,Stoke,34,2889,1,0,1.13,0.47,0.04,0.01
219,Danny Ings,Liverpool,8,263,1,0,1.55,0.18,0.53,0.06
220,James Morrison,West Bromwich Albion,4,204,1,0,1.03,0.11,0.46,0.05
221,Sam Field,West Bromwich Albion,10,545,1,0,0.59,0.18,0.10,0.03
222,Jack Wilshere,Arsenal,20,1179,1,3,1.16,2.28,0.09,0.17
223,Molla Wagué,Watford,6,441,1,0,0.68,0.00,0.14,0.00
224,Davide Zappacosta,Chelsea,22,1092,1,1,1.57,1.30,0.13,0.11
225,Mario Lemina,Southampton,25,1725,1,1,0.70,0.64,0.04,0.03
226,Stephen Ward,Burnley,28,2463,1,1,0.37,1.53,0.01,0.06
227,Steven Defour,Burnley,24,2034,1,1,0.60,1.16,0.03,0.05
228,David Luiz,Chelsea,10,840,1,0,0.76,0.03,0.08,0.00
229,Dominic Solanke,Liverpool,21,552,1,1,3.67,2.53,0.60,0.41
231,Andrew Robertson,Liverpool,22,1949,1,5,0.63,4.77,0.03,0.22
232,Mike van der Hoorn,Swansea,24,1963,1,0,0.94,0.62,0.04,0.03
233,Fernando Llorente,Tottenham,16,206,1,0,1.17,0.13,0.51,0.06
234,Eric Bailly,Manchester United,13,998,1,0,1.05,0.20,0.09,0.02
235,Kevin Long,Burnley,16,1440,1,2,1.71,1.81,0.11,0.11
236,Stefano Okaka,Watford,15,437,1,1,1.86,0.38,0.38,0.08
237,Trent Alexander-Arnold,Liverpool,19,1582,1,1,0.93,2.52,0.05,0.14
238,Jesé,Stoke,13,619,1,1,0.91,0.54,0.13,0.08
239,Kiko Femenía,Watford,23,1722,1,1,0.30,1.53,0.02,0.08
240,Mikel Merino,Newcastle United,24,1336,1,1,0.51,0.74,0.03,0.05
241,Luciano Narsingh,Swansea,18,607,1,0,1.12,0.95,0.17,0.14
242,Jan Bednarek,Southampton,5,429,1,0,0.28,0.00,0.06,0.00
243,Lewis Dunk,Brighton,38,3420,1,1,3.16,1.36,0.08,0.04
244,Solly March,Brighton,36,1817,1,1,1.26,1.73,0.06,0.09
245,Isaac Hayden,Newcastle United,26,1370,1,0,0.84,0.64,0.06,0.04
246,Jacob Murphy,Newcastle United,25,1147,1,1,1.65,1.39,0.13,0.11
247,Joe Lolley,Huddersfield,6,213,1,0,0.10,0.11,0.04,0.05
248,André Carrillo,Watford,28,1533,1,2,1.99,2.93,0.12,0.17
249,Jürgen Locadia,Brighton,6,225,1,1,1.15,0.10,0.46,0.04
250,Loris Karius,Liverpool,19,1710,0,0,0.00,0.00,0.00,0.00
251,Andreas Christensen,Chelsea,27,2080,0,0,1.00,0.13,0.04,0.01
252,Pierre-Emile Højbjerg,Southampton,23,1669,0,0,0.70,0.60,0.04,0.03
253,Konstantinos Stafylidis,Stoke,5,338,0,0,0.07,0.02,0.02,0.01
254,Markus Suttner,Brighton,14,1176,0,0,0.07,0.27,0.01,0.02
255,Simon Francis,Bournemouth,32,2706,0,1,0.41,1.63,0.01,0.05
256,Marc Pugh,Bournemouth,20,981,0,0,1.34,0.57,0.12,0.05
257,Divock Origi,Liverpool,1,5,0,0,0.00,0.00,0.00,0.00
258,Adam Lallana,Liverpool,12,223,0,0,1.55,0.41,0.62,0.16
259,Simon Mignolet,Liverpool,19,1710,0,0,0.00,0.00,0.00,0.00
260,James Milner,Liverpool,32,1734,0,3,1.14,3.42,0.06,0.18
261,Petr Cech,Arsenal,34,3042,0,0,0.00,0.00,0.00,0.00
262,Mohamed Elneny,Arsenal,13,870,0,1,0.28,0.76,0.03,0.08
263,Francis Coquelin,Arsenal,7,155,0,0,0.08,0.51,0.05,0.30
264,David Ospina,Arsenal,5,378,0,0,0.00,0.00,0.00,0.00
265,Calum Chambers,Arsenal,12,875,0,0,1.56,0.10,0.16,0.01
266,Wayne Hennessey,Crystal Palace,27,2430,0,0,0.00,0.40,0.00,0.01
267,Joel Ward,Crystal Palace,19,1621,0,1,0.20,0.88,0.01,0.05
268,Damien Delaney,Crystal Palace,2,94,0,0,0.00,0.00,0.00,0.00
269,Pape Souaré,Crystal Palace,1,7,0,0,0.00,0.00,0.00,0.00
270,Jason Puncheon,Crystal Palace,10,560,0,0,1.38,0.43,0.22,0.07
271,Yohan Cabaye,Crystal Palace,31,2422,0,1,2.15,3.39,0.08,0.13
272,Julian Speroni,Crystal Palace,11,990,0,0,0.00,0.00,0.00,0.00
273,Adrian Mariappa,Watford,28,2208,0,0,0.62,0.14,0.03,0.01
274,Martin Kelly,Crystal Palace,15,1199,0,0,0.35,0.09,0.03,0.01
275,Lee Chung-yong,Crystal Palace,7,126,0,0,0.02,0.10,0.01,0.07
276,Adrián,West Ham,19,1710,0,0,0.00,0.00,0.00,0.00
277,Winston Reid,West Ham,17,1455,0,0,0.16,0.24,0.01,0.01
278,Reece Oxford,West Ham,1,1,0,0,0.00,0.00,0.00,0.00
279,Kieran Gibbs,West Bromwich Albion,33,2836,0,1,0.39,1.91,0.01,0.06
280,David de Gea,Manchester United,37,3330,0,0,0.00,0.03,0.00,0.00
281,Daley Blind,Manchester United,7,361,0,0,0.12,0.41,0.03,0.10
282,Timothy Fosu-Mensah,Crystal Palace,21,1595,0,0,0.22,0.37,0.01,0.02
283,Marcos Rojo,Manchester United,9,649,0,0,0.07,0.07,0.01,0.01
284,Morgan Schneiderlin,Everton,30,2125,0,0,0.32,0.21,0.01,0.01
285,Ander Herrera,Manchester United,26,1249,0,2,0.41,1.42,0.03,0.10
286,Matteo Darmian,Manchester United,8,442,0,0,0.03,0.02,0.01,0.00
287,Sergio Romero,Manchester United,1,90,0,0,0.00,0.00,0.00,0.00
288,Heurelho Gomes,Watford,24,2130,0,0,0.00,0.00,0.00,0.00
289,Nyom,West Bromwich Albion,29,2307,0,1,0.06,1.13,0.00,0.04
290,Sebastian Prödl,Watford,21,1566,0,0,0.92,0.32,0.05,0.02
291,José Holebas,Watford,28,2385,0,4,0.43,3.71,0.02,0.14
292,Ben Watson,Watford,8,463,0,0,0.04,0.18,0.01,0.04
293,Nordin Amrabat,Watford,3,202,0,0,0.02,0.11,0.01,0.05
294,Craig Cathcart,Watford,7,496,0,0,0.16,0.00,0.03,0.00
295,Seamus Coleman,Everton,12,1038,0,1,1.36,0.78,0.12,0.07
296,John Stones,Manchester City,18,1310,0,0,1.33,0.00,0.09,0.00
297,Phil Jagielka,Everton,25,2066,0,0,0.80,0.00,0.04,0.00
298,James McCarthy,Everton,4,210,0,0,0.03,0.02,0.01,0.01
299,Ross Barkley,Chelsea,2,134,0,0,0.69,0.08,0.46,0.05
301,Kevin Mirallas,Everton,5,140,0,0,0.19,0.06,0.12,0.04
302,Ramiro Funes Mori,Everton,4,119,0,0,0.05,0.00,0.03,0.00
303,Nathaniel Clyne,Liverpool,3,173,0,0,0.11,0.09,0.06,0.04
304,Alberto Moreno,Liverpool,16,1262,0,0,0.49,0.89,0.03,0.06
305,Joe Hart,West Ham,19,1710,0,1,0.00,0.59,0.00,0.03
306,Pablo Zabaleta,West Ham,37,3299,0,1,0.33,0.93,0.01,0.03
307,Willy Caballero,Chelsea,3,270,0,0,0.00,0.00,0.00,0.00
309,Alex McCarthy,Southampton,18,1620,0,0,0.00,0.00,0.00,0.00
310,Hugo Lloris,Tottenham,36,3240,0,0,0.00,0.00,0.00,0.00
311,Kyle Walker,Manchester City,32,2792,0,6,0.72,4.84,0.02,0.16
312,Toby Alderweireld,Tottenham,14,1177,0,0,0.35,0.18,0.03,0.01
313,Jan Vertonghen,Tottenham,36,3209,0,0,0.81,1.02,0.02,0.03
314,Danny Rose,Tottenham,10,805,0,1,0.65,0.55,0.07,0.06
315,Mousa Dembélé,Tottenham,28,1882,0,0,0.36,0.60,0.02,0.03
316,Eric Dier,Tottenham,34,2832,0,2,1.48,1.85,0.05,0.06
317,Kevin Wimmer,Stoke,17,1318,0,0,0.07,0.16,0.00,0.01
318,Michel Vorm,Tottenham,1,90,0,0,0.00,0.00,0.00,0.00
319,Kieran Trippier,Tottenham,24,1910,0,5,0.43,4.26,0.02,0.20
320,Tom Carroll,Swansea,37,2564,0,4,0.77,3.90,0.03,0.14
321,Michael Carrick,Manchester United,2,110,0,0,0.40,0.04,0.33,0.03
322,Ashley Westwood,Burnley,19,1099,0,1,0.71,0.81,0.06,0.07
323,Thibaut Courtois,Chelsea,35,3150,0,0,0.00,0.00,0.00,0.00
324,Asmir Begovic,Bournemouth,38,3420,0,0,0.00,0.04,0.00,0.00
325,Gary Cahill,Chelsea,27,2075,0,0,0.46,0.08,0.02,0.00
326,Kasey Palmer,Huddersfield,4,165,0,0,0.08,0.05,0.04,0.03
327,Lukasz Fabianski,Swansea,38,3420,0,0,0.00,0.02,0.00,0.00
328,Angel Rangel,Swansea,4,154,0,0,0.00,0.12,0.00,0.07
329,Kyle Naughton,Swansea,34,3037,0,2,0.31,0.36,0.01,0.01
330,Wayne Routledge,Swansea,15,417,0,0,0.39,0.38,0.08,0.08
331,DeAndre Yedlin,Newcastle United,34,2838,0,2,0.14,2.10,0.00,0.07
332,Younes Kaboul,Watford,2,153,0,0,0.00,0.00,0.00,0.00
333,Jordan Pickford,Everton,38,3420,0,0,0.00,0.07,0.00,0.00
334,Kasper Schmeichel,Leicester,33,2968,0,0,0.00,0.06,0.00,0.00
335,Danny Simpson,Leicester,28,2325,0,0,0.13,0.15,0.01,0.01
336,Wes Morgan,Leicester,32,2817,0,0,1.93,0.41,0.06,0.01
337,Christian Fuchs,Leicester,25,1917,0,1,0.58,0.98,0.03,0.05
338,Jeffrey Schlupp,Crystal Palace,24,1753,0,1,1.04,1.18,0.05,0.06
339,Daniel Amartey,Leicester,8,487,0,0,0.00,0.00,0.00,0.00
340,Robert Elliot,Newcastle United,16,1440,0,0,0.00,0.00,0.00,0.00
