,bps,clean_sheets,element_type,news_added,now_cost,own_goals,penalties_missed,photo,points_per_game,red_cards,second_name,threat,web_name,yellow_cards,Player,PID,Team,Apps,Minutes,Goals,Assists,xG,xA,xG90,xA90,Position
0,130,1,1,2018-09-29T17:31:14Z,50,0,0,11334.jpg,3.4,0,Cech,0,Cech,0,Petr Cech,261,Arsenal,34,3042,0,0,0.0,0.0,0.0,0.0,Unfilled
1,0,0,2,2018-07-05T14:31:07Z,54,0,0,51507.jpg,0.0,0,Koscielny,0,Koscielny,0,Laurent Koscielny,124,Arsenal,25,2232,2,0,2.17,0.44,0.09,0.02,Unfilled
2,205,2,2,2018-11-03T16:31:13Z,54,1,0,98745.jpg,3.5,0,Bellerín,151,Bellerín,1,Héctor Bellerín,123,Arsenal,35,3051,2,3,2.47,4.65,0.07,0.14,Unfilled
3,124,2,2,2018-10-22T19:31:15Z,55,0,0,38411.jpg,4.3,0,Monreal,161,Monreal,1,Nacho Monreal,59,Arsenal,28,2246,5,2,1.9,3.01,0.08,0.12,Unfilled
4,190,2,2,,54,0,0,69140.jpg,2.8,0,Mustafi,103,Mustafi,2,Shkodran Mustafi,111,Arsenal,27,2272,3,1,0.72,1.9,0.03,0.08,Unfilled
5,16,0,2,2018-11-03T16:31:13Z,49,0,0,111457.jpg,2.0,0,Kolasinac,2,Kolasinac,0,Sead Kolasinac,116,Arsenal,27,2154,2,4,2.55,4.01,0.11,0.17,Unfilled
6,166,2,3,2018-10-07T10:31:16Z,84,0,0,37605.jpg,5.0,0,Özil,105,Özil,0,Mesut Özil,76,Arsenal,26,2166,4,8,4.39,9.13,0.18,0.38,Unfilled
7,118,3,3,2018-08-02T07:01:09Z,74,0,0,41792.jpg,3.1,0,Ramsey,156,Ramsey,0,Aaron Ramsey,40,Arsenal,24,1849,7,8,6.84,5.92,0.33,0.29,Unfilled
8,106,0,3,2018-09-03T09:01:13Z,55,0,0,153133.jpg,3.3,0,Iwobi,112,Iwobi,0,Alex Iwobi,90,Arsenal,26,1873,3,5,4.13,3.49,0.2,0.17,Unfilled
9,0,0,3,2018-10-31T10:31:13Z,43,0,0,153256.jpg,0.0,0,Elneny,0,Elneny,0,Mohamed Elneny,262,Arsenal,13,870,0,1,0.28,0.76,0.03,0.08,Unfilled
10,164,2,3,,53,0,0,84450.jpg,3.1,0,Xhaka,65,Xhaka,4,Granit Xhaka,175,Arsenal,38,3274,1,7,2.18,2.86,0.06,0.08,Unfilled
11,63,0,4,2018-11-08T23:01:14Z,65,0,0,50175.jpg,2.4,0,Welbeck,66,Welbeck,0,Danny Welbeck,60,Arsenal,28,1169,5,2,5.72,1.37,0.44,0.11,Unfilled
12,190,2,4,,97,0,0,59966.jpg,5.3,0,Lacazette,434,Lacazette,1,Alexandre Lacazette,8,Arsenal,32,2235,14,4,13.83,4.84,0.56,0.19,Unfilled
13,254,3,4,2018-10-03T15:01:14Z,109,0,0,54694.jpg,5.9,0,Aubameyang,339,Aubameyang,0,Pierre-Emerick Aubameyang,16,Arsenal,13,1056,10,4,9.17,1.26,0.78,0.11,Unfilled
14,208,4,1,,45,0,0,40349.jpg,3.4,0,Begovic,0,Begovic,0,Asmir Begovic,324,Bournemouth,38,3420,0,0,0.0,0.04,0.0,0.0,Unfilled
15,161,3,2,2018-11-03T12:31:13Z,44,0,0,15149.jpg,2.5,0,Francis,26,Francis,0,Simon Francis,255,Bournemouth,32,2706,0,1,0.41,1.63,0.01,0.05,Unfilled
16,82,2,2,2018-10-27T14:01:13Z,42,0,0,41320.jpg,3.2,0,Daniels,37,Daniels,1,Charlie Daniels,179,Bournemouth,35,3012,1,3,0.57,2.48,0.02,0.07,Unfilled
17,0,0,2,,43,0,0,149484.jpg,0.0,0,Mings,0,Mings,0,Tyrone Mings,390,Bournemouth,4,207,0,0,0.02,0.03,0.01,0.01,Unfilled
18,228,4,2,2018-08-05T11:01:10Z,50,0,0,126184.jpg,3.6,0,Aké,161,Aké,0,Nathan Aké,127,Bournemouth,38,3353,2,3,2.23,1.87,0.06,0.05,Unfilled
19,0,0,3,2018-08-29T15:31:12Z,43,0,0,20037.jpg,0.0,0,Pugh,0,Pugh,0,Marc Pugh,256,Bournemouth,20,981,0,0,1.34,0.57,0.12,0.05,Unfilled
20,52,1,3,,47,0,0,15237.jpg,1.7,0,Surman,15,Surman,1,Andrew Surman,118,Bournemouth,25,1842,2,5,0.99,1.53,0.05,0.07,Unfilled
21,55,0,3,2018-11-10T17:31:13Z,60,0,0,56872.jpg,2.8,0,Stanislas,65,Stanislas,1,Junior Stanislas,58,Bournemouth,19,1313,5,2,3.83,1.91,0.26,0.13,Unfilled
22,69,1,3,2018-09-23T00:01:15Z,48,0,0,40387.jpg,1.3,0,Gosling,54,Gosling,3,Dan Gosling,119,Bournemouth,28,1940,2,1,2.27,0.95,0.11,0.04,Unfilled
23,13,0,3,,51,0,0,103912.jpg,1.2,0,Ibe,54,Ibe,0,Jordon Ibe,121,Bournemouth,32,2005,2,6,2.93,3.75,0.13,0.17,Unfilled
24,276,4,3,2018-10-20T13:01:16Z,62,0,0,90105.jpg,5.8,0,Fraser,251,Fraser,1,Ryan Fraser,70,Bournemouth,26,2016,5,3,1.98,2.74,0.09,0.12,Unfilled
25,220,4,4,,68,0,1,75115.jpg,6.0,0,Wilson,514,Wilson,3,Callum Wilson,32,Bournemouth,28,2007,8,2,7.62,1.55,0.34,0.07,Unfilled
26,8,0,4,2018-09-01T13:01:13Z,49,0,0,178304.jpg,1.0,0,Mousset,2,Mousset,0,Lys Mousset,163,Bournemouth,23,569,2,0,1.15,1.11,0.18,0.18,Unfilled
27,141,4,4,2018-10-26T10:01:17Z,63,0,0,78007.jpg,4.9,0,King,260,King,1,Joshua King,31,Bournemouth,33,2458,8,3,6.56,4.89,0.24,0.18,Unfilled
28,12,0,4,,56,0,0,7958.jpg,1.0,0,Defoe,23,Defoe,0,Jermain Defoe,83,Bournemouth,24,1074,4,1,4.54,1.02,0.38,0.09,Unfilled
29,193,3,2,2018-09-01T13:01:13Z,44,0,0,83299.jpg,3.6,0,Dunk,86,Dunk,2,Lewis Dunk,243,Brighton,38,3420,1,1,3.16,1.36,0.08,0.04,Unfilled
30,0,0,2,,39,0,0,43808.jpg,0.0,0,Suttner,0,Suttner,0,Markus Suttner,254,Brighton,14,1176,0,0,0.07,0.27,0.01,0.02,Unfilled
31,129,1,3,,55,0,0,83543.jpg,3.0,0,Knockaert,181,Knockaert,3,Anthony Knockaert,114,Brighton,33,2433,3,1,4.25,3.08,0.16,0.11,Unfilled
32,36,0,3,2018-09-03T16:01:13Z,67,0,1,60307.jpg,2.8,0,Groß,63,Groß,0,Pascal Groß,37,Brighton,38,2979,7,8,3.34,8.66,0.1,0.26,Unfilled
33,151,2,4,2018-10-27T14:01:13Z,66,0,0,20529.jpg,4.3,0,Murray,288,Murray,2,Glenn Murray,13,Brighton,35,2204,12,0,12.38,1.24,0.51,0.05,Unfilled
34,0,0,4,2018-08-23T13:01:11Z,49,0,0,38499.jpg,0.0,0,Hemed,0,Hemed,0,Tomer Hemed,170,Brighton,16,849,2,2,1.7,0.11,0.18,0.01,Unfilled
35,17,1,4,2018-11-10T18:01:14Z,53,0,0,106757.jpg,1.1,0,Locadia,82,Locadia,1,Jürgen Locadia,249,Brighton,6,225,1,1,1.15,0.1,0.46,0.04,Unfilled
36,0,0,1,2018-08-12T12:31:12Z,48,0,0,21205.jpg,0.0,0,Heaton,0,Heaton,0,Tom Heaton,397,Burnley,4,305,0,0,0.0,0.0,0.0,0.0,Unfilled
37,152,3,2,,47,0,0,68983.jpg,1.9,0,Lowton,27,Lowton,4,Matthew Lowton,398,Burnley,26,2290,0,3,0.08,1.76,0.0,0.07,Unfilled
38,204,3,2,,48,0,0,51927.jpg,2.5,0,Mee,53,Mee,1,Ben Mee,400,Burnley,29,2610,0,0,1.66,0.23,0.06,0.01,Unfilled
39,44,1,2,2018-10-16T15:31:15Z,47,0,0,40616.jpg,2.3,0,Ward,19,Ward,1,Stephen Ward,226,Burnley,28,2463,1,1,0.37,1.53,0.01,0.06,Unfilled
40,173,2,2,2018-11-05T16:31:13Z,48,0,0,17761.jpg,2.6,0,Tarkowski,94,Tarkowski,3,James Tarkowski,401,Burnley,31,2790,0,0,0.89,1.08,0.03,0.03,Unfilled
41,36,1,2,,42,0,0,41674.jpg,4.0,0,Long,2,Long,0,Kevin Long,235,Burnley,16,1440,1,2,1.71,1.81,0.11,0.11,Unfilled
42,21,0,2,2018-11-10T14:01:14Z,43,0,0,17997.jpg,0.5,0,Bardsley,1,Bardsley,2,Phil Bardsley,361,Burnley,13,1130,0,0,0.03,0.3,0.0,0.02,Unfilled
43,170,3,3,2018-08-26T16:01:12Z,60,0,0,60586.jpg,4.7,0,Gudmundsson,175,Gudmundsson,2,Johann Berg Gudmundsson,152,Burnley,35,2845,2,8,2.95,5.05,0.09,0.16,Unfilled
44,48,0,3,2018-11-10T17:31:13Z,54,0,0,39847.jpg,1.8,0,Defour,0,Defour,0,Steven Defour,227,Burnley,24,2034,1,1,0.6,1.16,0.03,0.05,Unfilled
45,67,1,3,,53,0,0,83314.jpg,2.1,0,Hendrick,139,Hendrick,2,Jeff Hendrick,162,Burnley,34,2363,2,2,2.09,2.7,0.08,0.1,Unfilled
46,16,0,3,2018-10-28T13:31:14Z,54,0,0,90517.jpg,1.7,0,Brady,30,Brady,2,Robbie Brady,207,Burnley,15,1279,1,2,1.13,2.18,0.08,0.15,Unfilled
47,141,2,3,2018-08-03T12:31:10Z,45,0,0,60551.jpg,2.5,0,Westwood,66,Westwood,2,Ashley Westwood,322,Burnley,19,1099,0,1,0.71,0.81,0.06,0.07,Unfilled
48,0,0,3,2018-08-30T16:31:13Z,48,0,0,12813.jpg,0.0,0,Walters,0,Walters,0,Jonathan Walters,363,Burnley,3,29,0,0,0.18,0.0,0.56,0.0,Unfilled
49,122,3,3,2018-11-10T14:01:14Z,47,0,0,40145.jpg,2.0,0,Cork,57,Cork,3,Jack Cork,140,Burnley,38,3420,2,1,1.7,0.78,0.04,0.02,Unfilled
50,83,2,4,,53,0,0,40399.jpg,2.7,0,Vokes,209,Vokes,0,Sam Vokes,85,Burnley,29,953,4,1,3.01,1.15,0.28,0.11,Unfilled
51,70,1,4,2018-07-24T09:01:08Z,57,0,0,44699.jpg,2.0,0,Barnes,86,Barnes,1,Ashley Barnes,28,Burnley,36,2143,9,0,6.56,1.5,0.28,0.06,Unfilled
52,49,2,4,2018-08-12T12:31:12Z,62,0,0,60689.jpg,1.8,0,Wood,154,Wood,0,Chris Wood,21,Burnley,24,1639,10,1,7.64,0.6,0.42,0.03,Unfilled
53,258,3,1,,45,0,0,15749.jpg,4.3,0,Hart,0,Hart,0,Joe Hart,305,West Ham,19,1710,0,1,0.0,0.59,0.0,0.03,Unfilled
54,69,2,3,2018-11-04T12:01:15Z,49,0,0,48615.jpg,1.6,0,Arter,44,Arter,5,Harry Arter,216,Bournemouth,13,961,1,0,0.3,0.21,0.03,0.02,Unfilled
55,0,0,1,2018-08-09T06:49:10Z,55,0,0,60772.jpg,0.0,0,Courtois,0,Courtois,0,Thibaut Courtois,323,Chelsea,35,3150,0,0,0.0,0.0,0.0,0.0,Unfilled
56,0,0,1,,48,0,0,20310.jpg,0.0,0,Caballero,0,Caballero,0,Willy Caballero,307,Chelsea,3,270,0,0,0.0,0.0,0.0,0.0,Unfilled
57,241,5,2,,63,0,0,41328.jpg,4.0,0,Azpilicueta,67,Azpilicueta,0,César Azpilicueta,136,Chelsea,37,3330,2,6,1.38,4.65,0.04,0.13,Unfilled
58,3,0,2,,51,0,0,19419.jpg,1.0,0,Cahill,0,Cahill,0,Gary Cahill,325,Chelsea,27,2075,0,0,0.46,0.08,0.02,0.0,Unfilled
59,296,5,2,,70,0,0,82263.jpg,7.1,0,Alonso,186,Alonso,1,Marcos Alonso,46,Chelsea,33,2869,7,2,4.37,3.06,0.14,0.1,Unfilled
60,3,0,2,,56,0,0,49013.jpg,1.0,0,Moses,6,Moses,0,Victor Moses,96,Chelsea,28,2128,3,3,3.08,2.64,0.13,0.11,Unfilled
61,248,5,2,2018-10-20T11:31:16Z,60,0,0,102380.jpg,4.8,0,Rüdiger,185,Rüdiger,1,Antonio Rüdiger,165,Chelsea,27,2337,2,1,2.07,0.5,0.08,0.02,Unfilled
62,0,0,2,2018-09-26T22:31:12Z,50,0,0,135363.jpg,0.0,0,Christensen,0,Christensen,0,Andreas Christensen,251,Chelsea,27,2080,0,0,1.0,0.13,0.04,0.01,Unfilled
63,2,0,2,2018-09-15T13:01:13Z,51,0,0,105700.jpg,1.0,0,Zappacosta,21,Zappacosta,0,Davide Zappacosta,224,Chelsea,22,1092,1,1,1.57,1.3,0.13,0.11,Unfilled
64,271,3,3,2018-10-24T13:01:14Z,113,0,0,42786.jpg,7.9,0,Hazard,451,Hazard,1,Eden Hazard,11,Chelsea,34,2451,12,4,8.21,7.3,0.3,0.27,Unfilled
65,8,0,3,2018-11-07T18:31:14Z,63,0,0,17878.jpg,1.0,0,Fàbregas,0,Fàbregas,0,Cesc Fàbregas,137,Chelsea,32,2314,2,4,2.52,6.85,0.1,0.27,Unfilled
66,176,5,3,,49,0,0,116594.jpg,3.0,0,Kanté,142,Kanté,2,N'Golo Kanté,199,Chelsea,34,3005,1,1,0.73,3.63,0.02,0.11,Unfilled
67,155,3,3,2018-10-20T11:31:16Z,60,0,0,88894.jpg,4.6,0,Barkley,163,Barkley,0,Ross Barkley,299,Chelsea,2,134,0,0,0.69,0.08,0.46,0.05,Unfilled
68,0,0,3,,47,0,0,61603.jpg,0.0,0,Drinkwater,0,Drinkwater,0,Daniel Drinkwater,200,Chelsea,12,519,1,0,0.18,0.27,0.03,0.05,Unfilled
69,0,0,3,2018-08-15T09:18:32Z,49,0,0,169102.jpg,0.0,0,Bakayoko,0,Bakayoko,0,Tiemoué Bakayoko,167,Chelsea,29,2118,2,2,3.45,1.32,0.15,0.06,Unfilled
70,33,1,3,2018-09-28T13:01:14Z,52,0,0,126187.jpg,3.3,0,Loftus-Cheek,47,Loftus-Cheek,0,Ruben Loftus-Cheek,138,Crystal Palace,24,1877,2,3,3.45,3.25,0.17,0.16,Unfilled
71,138,4,4,,87,0,0,88482.jpg,3.9,0,Morata,394,Morata,1,Álvaro Morata,15,Chelsea,31,2069,11,6,13.9,3.58,0.6,0.16,Unfilled
72,0,0,4,2018-08-31T19:01:13Z,54,0,0,173879.jpg,0.0,0,Abraham,0,Abraham,0,Tammy Abraham,65,Swansea,31,1706,5,1,6.16,1.44,0.32,0.08,Unfilled
73,218,3,1,,46,0,0,20066.jpg,3.8,0,Hennessey,0,Hennessey,0,Wayne Hennessey,266,Crystal Palace,27,2430,0,0,0.0,0.4,0.0,0.01,Unfilled
74,0,0,1,,40,0,0,11554.jpg,0.0,0,Speroni,0,Speroni,0,Julian Speroni,272,Crystal Palace,11,990,0,0,0.0,0.0,0.0,0.0,Unfilled
75,164,3,2,2018-11-10T20:01:15Z,43,0,0,49413.jpg,2.3,0,Tomkins,61,Tomkins,3,James Tomkins,93,Crystal Palace,28,2386,3,0,2.71,0.07,0.1,0.0,Unfilled
76,0,0,2,2018-07-05T14:31:07Z,44,0,0,19188.jpg,0.0,0,Dann,0,Dann,0,Scott Dann,182,Crystal Palace,17,1435,1,0,2.43,0.22,0.15,0.01,Unfilled
77,24,0,2,,39,0,0,58786.jpg,1.0,0,Kelly,0,Kelly,0,Martin Kelly,274,Crystal Palace,15,1199,0,0,0.35,0.09,0.03,0.01,Unfilled
78,65,1,2,,45,0,0,86417.jpg,2.3,0,Schlupp,124,Schlupp,1,Jeffrey Schlupp,338,Crystal Palace,24,1753,0,1,1.04,1.18,0.05,0.06,Unfilled
79,200,3,2,,54,0,0,74230.jpg,3.4,0,van Aanholt,162,van Aanholt,2,Patrick van Aanholt,66,Crystal Palace,28,2184,5,1,3.39,2.46,0.14,0.1,Unfilled
80,225,3,2,,50,0,0,40784.jpg,2.8,0,Sakho,13,Sakho,1,Mamadou Sakho,180,Crystal Palace,19,1598,1,2,1.49,1.01,0.08,0.06,Unfilled
81,1,0,3,,43,0,0,19197.jpg,1.0,0,Puncheon,0,Puncheon,0,Jason Puncheon,270,Crystal Palace,10,560,0,0,1.38,0.43,0.22,0.07,Unfilled
82,115,3,3,,47,0,0,50471.jpg,2.3,0,McArthur,98,McArthur,2,James McArthur,64,Crystal Palace,33,2440,5,1,4.23,2.06,0.16,0.08,Unfilled
83,0,0,3,2018-08-12T10:04:56Z,50,0,0,44343.jpg,0.0,0,Sako,0,Sako,0,Bakary Sako,92,Crystal Palace,16,446,3,0,2.27,0.77,0.46,0.16,Unfilled
84,138,3,3,,57,0,0,60252.jpg,2.6,0,Townsend,219,Townsend,1,Andros Townsend,143,Crystal Palace,36,3141,2,7,3.11,8.64,0.09,0.25,Unfilled
85,191,3,3,,60,0,1,66975.jpg,3.0,0,Milivojevic,142,Milivojevic,2,Luka Milivojevic,22,Crystal Palace,36,3087,10,1,7.87,1.26,0.23,0.04,Unfilled
86,122,3,4,2018-11-10T20:01:15Z,68,0,0,82403.jpg,3.8,0,Zaha,308,Zaha,3,Wilfried Zaha,24,Crystal Palace,29,2551,9,3,9.74,5.3,0.34,0.19,Unfilled
87,5,1,4,2018-09-06T10:01:13Z,63,0,0,54861.jpg,2.0,0,Benteke,170,Benteke,0,Christian Benteke,99,Crystal Palace,31,2224,3,5,11.17,3.28,0.45,0.13,Unfilled
88,53,2,3,,47,0,0,55037.jpg,1.9,0,Kouyaté,62,Kouyaté,2,Cheikhou Kouyaté,125,West Ham,33,2803,2,3,1.8,0.88,0.06,0.03,Unfilled
89,6,0,2,2018-11-10T16:31:13Z,43,0,0,55494.jpg,1.0,0,Ward,4,Ward,0,Joel Ward,267,Crystal Palace,19,1621,0,1,0.2,0.88,0.01,0.05,Unfilled
90,3,0,2,2018-08-24T16:01:12Z,43,0,0,79228.jpg,1.0,0,Souaré,0,Souaré,0,Pape Souaré,269,Crystal Palace,1,7,0,0,0.0,0.0,0.0,0.0,Unfilled
91,0,0,3,,43,0,0,138009.jpg,0.0,0,Kaikai,0,Kaikai,0,Sullay Kaikai,391,Crystal Palace,1,12,0,0,0.0,0.0,0.0,0.0,Unfilled
92,22,2,4,,57,0,0,80146.jpg,2.1,0,Ayew,150,Ayew,1,Jordan Ayew,42,Swansea,36,2862,7,2,6.85,1.92,0.22,0.06,Unfilled
93,209,2,1,,49,0,0,111234.jpg,4.4,0,Pickford,0,Pickford,0,Jordan Pickford,333,Everton,38,3420,0,0,0.0,0.07,0.0,0.0,Unfilled
94,40,0,2,,51,0,0,12745.jpg,1.3,0,Baines,15,Baines,0,Leighton Baines,128,Everton,22,1911,2,3,2.07,2.3,0.1,0.11,Unfilled
95,111,1,2,2018-09-10T17:01:14Z,52,0,0,59949.jpg,3.1,0,Coleman,72,Coleman,1,Seamus Coleman,295,Everton,12,1038,0,1,1.36,0.78,0.12,0.07,Unfilled
96,-5,0,2,2018-11-02T18:01:13Z,43,0,0,7645.jpg,-3.0,1,Jagielka,0,Jagielka,0,Phil Jagielka,297,Everton,25,2066,0,0,0.8,0.0,0.04,0.0,Unfilled
97,0,0,2,2018-08-03T09:26:19Z,45,0,0,19159.jpg,0.0,0,Williams,0,Williams,0,Ashley Williams,197,Everton,24,1840,1,0,0.79,0.15,0.04,0.01,Unfilled
98,61,0,2,2018-08-11T16:01:16Z,44,0,0,194164.jpg,1.0,0,Holgate,2,Holgate,1,Mason Holgate,386,Everton,15,1182,0,0,0.47,0.67,0.04,0.05,Unfilled
99,62,1,2,2018-11-02T18:01:13Z,43,0,0,153673.jpg,3.3,0,Kenny,7,Kenny,0,Jonjoe Kenny,392,Everton,19,1585,0,1,0.18,1.72,0.01,0.1,Unfilled
100,187,2,2,2018-09-23T14:31:13Z,49,0,0,106611.jpg,4.7,0,Keane,154,Keane,0,Michael Keane,399,Everton,30,2563,0,1,1.25,0.95,0.04,0.03,Unfilled
101,0,0,2,2018-08-17T15:01:12Z,45,0,0,56192.jpg,0.0,0,Martina,0,Martina,0,Cuco Martina,353,Everton,21,1830,0,2,0.09,1.52,0.0,0.07,Unfilled
102,0,0,3,2018-08-26T07:54:10Z,58,0,0,55452.jpg,0.0,0,Bolasie,0,Bolasie,0,Yannick Bolasie,183,Everton,16,851,1,0,2.02,0.34,0.21,0.04,Unfilled
103,0,0,3,2018-07-05T14:31:07Z,44,0,0,50472.jpg,0.0,0,McCarthy,0,McCarthy,0,James McCarthy,298,Everton,4,210,0,0,0.03,0.02,0.01,0.01,Unfilled
104,59,0,3,2018-08-18T17:01:12Z,43,0,0,42774.jpg,1.7,0,Schneiderlin,2,Schneiderlin,1,Morgan Schneiderlin,284,Everton,30,2125,0,0,0.32,0.21,0.01,0.01,Unfilled
105,150,2,3,2018-10-14T22:01:15Z,48,0,0,80801.jpg,1.9,0,Gueye,31,Gueye,3,Idrissa Gueye,135,Everton,33,2769,2,1,1.5,1.21,0.05,0.04,Unfilled
106,62,1,3,,52,0,0,173807.jpg,1.8,0,Davies,26,Davies,2,Tom Davies,149,Everton,33,1901,2,1,1.48,0.65,0.07,0.03,Unfilled
107,231,2,3,,75,0,1,55422.jpg,5.3,0,Sigurdsson,288,Sigurdsson,1,Gylfi Sigurdsson,82,Everton,27,2265,4,3,3.19,3.75,0.13,0.15,Unfilled
108,71,0,4,2018-09-11T17:01:14Z,53,0,0,177815.jpg,2.2,0,Calvert-Lewin,122,Calvert-Lewin,1,Dominic Calvert-Lewin,86,Everton,32,1861,4,6,5.44,3.07,0.26,0.15,Unfilled
109,-2,0,4,,51,0,0,113688.jpg,1.0,0,Niasse,16,Niasse,0,Oumar Niasse,34,Everton,22,1075,8,2,7.42,1.55,0.62,0.13,Unfilled
110,98,0,4,,66,0,0,66838.jpg,2.8,0,Tosun,202,Tosun,1,Cenk Tosun,74,Everton,14,998,5,0,3.19,1.72,0.29,0.16,Unfilled
111,0,0,3,2018-08-05T06:50:01Z,55,0,0,26901.jpg,0.0,0,Mirallas,0,Mirallas,0,Kevin Mirallas,301,Everton,5,140,0,0,0.19,0.06,0.12,0.04,Unfilled
112,64,0,2,2018-10-20T16:31:16Z,42,0,0,101184.jpg,0.9,0,Chambers,18,Chambers,1,Calum Chambers,265,Arsenal,12,875,0,0,1.56,0.1,0.16,0.01,Unfilled
113,160,0,4,,66,0,0,128389.jpg,4.2,0,Mitrovic,494,Mitrovic,4,Aleksandar Mitrovic,205,Newcastle United,6,73,1,0,1.23,0.27,1.51,0.34,Unfilled
114,44,0,2,2018-09-27T15:31:13Z,49,0,0,149266.jpg,0.6,0,Mawson,17,Mawson,1,Alfie Mawson,157,Swansea,38,3420,2,1,2.51,0.56,0.07,0.01,Unfilled
115,64,0,2,2018-09-29T16:31:14Z,45,1,0,201084.jpg,0.6,0,Fosu-Mensah,26,Fosu-Mensah,2,Timothy Fosu-Mensah,282,Crystal Palace,21,1595,0,0,0.22,0.37,0.01,0.02,Unfilled
116,162,2,3,2018-10-20T15:31:16Z,52,0,0,74471.jpg,2.1,0,Mooy,145,Mooy,1,Aaron Mooy,87,Huddersfield,36,3077,4,3,2.86,4.15,0.08,0.12,Unfilled
117,13,1,3,,47,0,0,51344.jpg,2.0,0,van La Parra,41,van La Parra,0,Rajiv van La Parra,115,Huddersfield,33,2165,3,0,3.09,0.83,0.13,0.03,Unfilled
118,0,0,3,2018-07-24T14:34:21Z,50,0,0,86176.jpg,0.0,0,Ince,0,Ince,0,Tom Ince,171,Huddersfield,33,2465,2,0,6.73,1.47,0.25,0.05,Unfilled
119,64,2,3,,48,0,0,106450.jpg,2.6,0,Pritchard,145,Pritchard,0,Alex Pritchard,211,Huddersfield,14,1006,1,1,1.15,2.11,0.1,0.19,Unfilled
120,26,0,4,,52,0,0,147303.jpg,1.5,0,Depoitre,168,Depoitre,1,Laurent Depoitre,56,Huddersfield,33,1794,6,1,3.59,1.37,0.18,0.07,Unfilled
121,29,1,4,,58,0,0,169141.jpg,1.8,0,Mounie,288,Mounie,0,Steve Mounie,48,Huddersfield,28,1850,7,1,5.8,1.61,0.28,0.08,Unfilled
122,1,0,4,2018-07-05T14:31:07Z,48,0,0,87428.jpg,1.3,0,Kachunga,21,Kachunga,0,Elias Kachunga,176,Huddersfield,19,1350,1,1,1.84,0.63,0.12,0.04,Unfilled
123,208,4,1,,50,0,0,17745.jpg,3.3,0,Schmeichel,4,Schmeichel,1,Kasper Schmeichel,334,Leicester,33,2968,0,0,0.0,0.06,0.0,0.0,Unfilled
124,0,0,1,,44,0,0,11974.jpg,0.0,0,Jakupovic,0,Jakupovic,0,Eldin Jakupovic,405,Leicester,2,180,0,0,0.0,0.0,0.0,0.0,Unfilled
125,114,3,2,2018-10-06T17:01:15Z,45,0,0,15033.jpg,2.3,2,Morgan,52,Morgan,1,Wes Morgan,336,Leicester,32,2817,0,0,1.93,0.41,0.06,0.01,Unfilled
126,0,0,2,,42,0,0,37402.jpg,0.0,0,Fuchs,0,Fuchs,0,Christian Fuchs,337,Leicester,25,1917,0,1,0.58,0.98,0.03,0.05,Unfilled
127,5,0,2,2018-07-23T19:01:08Z,42,0,0,40725.jpg,1.0,0,Simpson,0,Simpson,0,Danny Simpson,335,Leicester,28,2325,0,0,0.13,0.15,0.01,0.01,Unfilled
128,0,0,2,,39,0,0,41321.jpg,0.0,0,Benalouane,0,Benalouane,0,Yohan Benalouane,385,Leicester,1,90,0,0,0.01,0.0,0.01,0.0,Unfilled
129,221,2,2,2018-11-03T17:31:13Z,55,0,0,95658.jpg,3.7,0,Maguire,235,Maguire,3,Harry Maguire,154,Leicester,38,3420,2,4,2.31,4.56,0.06,0.12,Unfilled
130,99,1,3,2018-07-23T19:01:08Z,52,0,0,51938.jpg,2.0,0,Albrighton,131,Albrighton,1,Marc Albrighton,142,Leicester,34,2551,2,7,1.63,5.7,0.06,0.2,Unfilled
131,100,3,3,2018-10-27T15:31:14Z,54,0,0,172632.jpg,3.7,0,Gray,175,Gray,1,Demarai Gray,103,Leicester,35,1680,3,1,2.64,3.25,0.14,0.17,Unfilled
132,103,1,3,2018-10-27T19:01:14Z,44,0,0,155569.jpg,1.7,0,Amartey,21,Amartey,2,Daniel Amartey,339,Leicester,8,487,0,0,0.0,0.0,0.0,0.0,Unfilled
133,21,0,3,,47,0,0,54513.jpg,1.3,0,Iborra,21,Iborra,0,Vicente Iborra,112,Leicester,19,1424,3,0,1.59,0.48,0.1,0.03,Unfilled
134,97,4,4,2018-10-25T14:01:15Z,90,0,0,101668.jpg,3.5,1,Vardy,333,Vardy,0,Jamie Vardy,4,Leicester,37,3269,20,1,15.27,3.63,0.42,0.1,Unfilled
135,18,0,4,2018-08-25T13:01:12Z,52,0,0,78412.jpg,1.0,0,Okazaki,36,Okazaki,0,Shinji Okazaki,51,Leicester,27,1340,6,2,7.49,1.85,0.5,0.12,Unfilled
136,108,1,4,,59,0,0,173515.jpg,3.3,0,Iheanacho,146,Iheanacho,1,Kelechi Iheanacho,100,Leicester,21,809,3,3,4.83,2.08,0.54,0.23,Unfilled
137,0,0,1,2018-09-14T13:01:14Z,48,0,0,66797.jpg,0.0,0,Mignolet,0,Mignolet,0,Simon Mignolet,259,Liverpool,19,1710,0,0,0.0,0.0,0.0,0.0,Unfilled
138,0,0,1,2018-08-27T06:55:46Z,49,0,0,104542.jpg,0.0,0,Karius,0,Karius,0,Loris Karius,250,Liverpool,19,1710,0,0,0.0,0.0,0.0,0.0,Unfilled
139,75,2,2,2018-11-07T02:01:16Z,49,0,0,38454.jpg,6.7,0,Lovren,6,Lovren,0,Dejan Lovren,129,Liverpool,29,2121,2,1,2.01,1.33,0.09,0.06,Unfilled
140,13,0,2,,42,0,0,100059.jpg,2.0,0,Moreno,5,Moreno,0,Alberto Moreno,304,Liverpool,16,1262,0,0,0.49,0.89,0.03,0.06,Unfilled
141,0,0,2,2018-11-05T10:01:14Z,46,0,0,57328.jpg,0.0,0,Clyne,0,Clyne,0,Nathaniel Clyne,303,Liverpool,3,173,0,0,0.11,0.09,0.06,0.04,Unfilled
142,217,5,2,2018-08-12T12:31:12Z,51,0,0,171287.jpg,3.8,0,Gomez,44,Gomez,0,Joseph Gomez,387,Liverpool,23,1900,0,2,0.47,1.53,0.02,0.07,Unfilled
143,55,1,2,2018-08-20T19:01:12Z,49,0,0,60914.jpg,3.8,0,Matip,17,Matip,0,Joel Matip,178,Liverpool,25,1993,1,0,2.35,0.58,0.11,0.03,Unfilled
144,0,0,2,2018-08-08T07:01:10Z,44,0,0,33871.jpg,0.0,0,Klavan,0,Klavan,0,Ragnar Klavan,177,Liverpool,19,1448,1,0,0.93,0.14,0.06,0.01,Unfilled
145,185,5,2,,50,0,0,169187.jpg,4.1,0,Alexander-Arnold,84,Alexander-Arnold,3,Trent Alexander-Arnold,237,Liverpool,19,1582,1,1,0.93,2.52,0.05,0.14,Unfilled
146,254,6,2,,64,0,0,122798.jpg,5.5,0,Robertson,93,Robertson,0,Andrew Robertson,231,Liverpool,22,1949,1,5,0.63,4.77,0.03,0.22,Unfilled
147,106,2,3,2018-10-22T10:01:16Z,53,0,0,56979.jpg,1.7,0,Henderson,2,Henderson,0,Jordan Henderson,191,Liverpool,27,2172,1,1,1.14,1.95,0.05,0.08,Unfilled
148,23,2,3,2018-09-04T14:31:13Z,69,0,0,39155.jpg,2.0,0,Lallana,46,Lallana,1,Adam Lallana,258,Liverpool,12,223,0,0,1.55,0.41,0.62,0.16,Unfilled
149,207,5,3,2018-10-15T22:01:16Z,99,0,0,110979.jpg,6.0,0,Mané,366,Mané,1,Sadio Mané,20,Liverpool,29,2230,10,7,11.52,5.25,0.46,0.21,Unfilled
150,141,5,3,2018-07-29T09:01:10Z,55,0,0,41733.jpg,3.1,0,Wijnaldum,158,Wijnaldum,1,Georginio Wijnaldum,203,Liverpool,33,2392,1,2,2.99,1.64,0.11,0.06,Unfilled
151,196,6,3,2018-10-20T15:31:16Z,130,0,0,118748.jpg,5.7,0,Salah,664,Salah,0,Mohamed Salah,1,Liverpool,36,2954,32,10,25.14,8.34,0.77,0.25,Unfilled
152,192,4,3,2018-10-20T15:31:16Z,56,0,0,15157.jpg,3.9,0,Milner,114,Milner,2,James Milner,260,Liverpool,32,1734,0,3,1.14,3.42,0.06,0.18,Unfilled
153,151,8,4,2018-09-15T14:31:15Z,92,0,0,92217.jpg,3.3,0,Firmino,306,Firmino,0,Roberto Firmino,7,Liverpool,37,2814,15,7,10.76,7.68,0.34,0.25,Unfilled
154,0,0,4,2018-09-17T16:31:14Z,47,0,0,154566.jpg,0.0,0,Solanke,0,Solanke,0,Dominic Solanke,229,Liverpool,21,552,1,1,3.67,2.53,0.6,0.41,Unfilled
155,0,0,4,2018-10-20T18:31:17Z,50,0,0,152760.jpg,0.0,0,Origi,0,Origi,0,Divock Origi,257,Liverpool,1,5,0,0,0.0,0.0,0.0,0.0,Unfilled
156,140,3,3,2018-07-29T08:31:08Z,86,0,1,103025.jpg,4.1,0,Mahrez,298,Mahrez,0,Riyad Mahrez,12,Leicester,36,2977,12,10,6.61,7.55,0.2,0.23,Unfilled
157,0,0,1,2018-08-20T21:31:21Z,49,0,0,33148.jpg,0.0,0,Bravo,0,Bravo,0,Claudio Bravo,409,Manchester City,3,225,0,0,0.0,0.0,0.0,0.0,Unfilled
158,167,4,2,,53,0,0,97299.jpg,4.5,0,Stones,14,Stones,0,John Stones,296,Manchester City,18,1310,0,0,1.33,0.0,0.09,0.0,Unfilled
159,64,1,2,,52,0,0,17476.jpg,1.8,0,Kompany,8,Kompany,2,Vincent Kompany,192,Manchester City,17,1401,1,1,1.02,0.41,0.07,0.03,Unfilled
160,84,3,2,2018-11-02T14:31:13Z,61,0,0,57410.jpg,6.0,0,Otamendi,46,Otamendi,0,Nicolás Otamendi,78,Manchester City,34,2975,4,0,3.19,1.16,0.1,0.04,Unfilled
161,211,6,2,2018-10-21T16:31:17Z,65,0,0,58621.jpg,5.8,0,Walker,52,Walker,0,Kyle Walker,311,Manchester City,32,2792,0,6,0.72,4.84,0.02,0.16,Unfilled
162,66,2,2,2018-10-01T08:31:14Z,53,0,0,41823.jpg,5.0,0,Delph,0,Delph,0,Fabian Delph,215,Manchester City,22,1747,1,2,0.2,1.31,0.01,0.07,Unfilled
163,244,6,3,2018-09-03T18:31:13Z,111,0,0,103955.jpg,8.6,0,Sterling,499,Sterling,1,Raheem Sterling,5,Manchester City,33,2594,18,11,18.83,8.84,0.65,0.31,Unfilled
164,8,0,3,2018-11-01T23:01:15Z,97,0,0,61366.jpg,0.7,0,De Bruyne,15,De Bruyne,1,Kevin De Bruyne,30,Manchester City,37,3103,8,16,5.4,13.1,0.16,0.38,Unfilled
165,117,2,3,2018-10-03T00:01:15Z,54,0,0,59859.jpg,4.7,0,Gündogan,117,Gündogan,0,Ilkay Gündogan,75,Manchester City,30,1504,4,1,3.58,2.35,0.21,0.14,Unfilled
166,159,4,3,,92,0,0,182156.jpg,5.4,0,Sané,336,Sané,1,Leroy Sané,17,Manchester City,32,2421,10,15,6.24,9.05,0.23,0.34,Unfilled
167,276,6,4,2018-09-15T17:01:14Z,114,0,0,37572.jpg,6.6,0,Agüero,696,Agüero,2,Sergio Agüero,3,Manchester City,25,1985,21,6,18.57,6.53,0.84,0.3,Unfilled
168,0,0,1,2018-09-25T23:31:13Z,50,0,0,42899.jpg,0.0,0,Romero,0,Romero,0,Sergio Romero,287,Manchester United,1,90,0,0,0.0,0.0,0.0,0.0,Unfilled
169,132,1,2,2018-07-29T08:31:08Z,57,0,0,55909.jpg,2.9,0,Smalling,81,Smalling,1,Chris Smalling,79,Manchester United,29,2533,4,0,2.17,0.18,0.08,0.01,Unfilled
170,6,0,2,2018-08-27T22:01:13Z,51,0,0,76359.jpg,0.0,0,Jones,0,Jones,0,Phil Jones,380,Manchester United,23,1974,0,0,0.55,0.2,0.03,0.01,Unfilled
171,167,1,2,2018-10-20T11:31:16Z,50,0,0,106760.jpg,3.0,0,Shaw,131,Shaw,4,Luke Shaw,388,Manchester United,11,785,0,0,0.32,0.36,0.04,0.04,Unfilled
172,0,0,2,2018-10-28T15:01:14Z,49,0,0,58893.jpg,0.0,0,Rojo,0,Rojo,0,Marcos Rojo,283,Manchester United,9,649,0,0,0.07,0.07,0.01,0.01,Unfilled
173,69,1,2,2018-10-24T09:01:16Z,64,0,0,20695.jpg,2.5,0,Valencia,3,Valencia,2,Antonio Valencia,101,Manchester United,31,2746,3,1,0.54,1.46,0.02,0.05,Unfilled
174,16,0,2,,46,0,0,40002.jpg,2.0,0,Darmian,7,Darmian,0,Matteo Darmian,286,Manchester United,8,442,0,0,0.03,0.02,0.01,0.0,Unfilled
175,0,0,2,2018-07-18T10:05:48Z,50,0,0,58877.jpg,0.0,0,Blind,0,Blind,0,Daley Blind,281,Manchester United,7,361,0,0,0.12,0.41,0.03,0.1,Unfilled
176,31,0,2,2018-08-10T19:31:12Z,51,0,0,197365.jpg,1.0,0,Bailly,4,Bailly,0,Eric Bailly,234,Manchester United,13,998,1,0,1.05,0.2,0.09,0.02,Unfilled
177,101,0,2,2018-10-06T15:31:14Z,57,0,0,18892.jpg,1.9,0,Young,11,Young,3,Ashley Young,131,Manchester United,30,2451,2,4,0.71,3.75,0.03,0.14,Unfilled
178,93,1,3,2018-10-20T11:31:16Z,50,0,0,62398.jpg,1.5,1,Matic,58,Matic,2,Nemanja Matic,195,Manchester United,36,3121,1,1,0.45,1.39,0.01,0.04,Unfilled
179,81,1,3,,62,0,0,43670.jpg,2.8,0,Mata,67,Mata,1,Juan Mata,97,Manchester United,28,1942,3,5,3.81,4.73,0.18,0.22,Unfilled
180,89,1,3,2018-10-19T14:01:16Z,49,0,0,41184.jpg,2.4,0,Fellaini,109,Fellaini,0,Marouane Fellaini,80,Manchester United,16,601,4,0,2.73,0.16,0.41,0.02,Unfilled
181,16,0,3,2018-10-20T11:31:16Z,50,0,0,59846.jpg,0.8,0,Herrera,57,Herrera,1,Ander Herrera,285,Manchester United,26,1249,0,2,0.41,1.42,0.03,0.1,Unfilled
182,46,1,3,2018-10-28T15:01:14Z,67,0,0,109322.jpg,1.7,0,Lingard,122,Lingard,0,Jesse Lingard,33,Manchester United,33,1836,8,5,8.05,3.58,0.39,0.18,Unfilled
183,152,0,3,,75,0,0,148225.jpg,6.4,0,Martial,230,Martial,1,Anthony Martial,25,Manchester United,30,1589,9,5,6.3,5.44,0.36,0.31,Unfilled
184,164,2,3,2018-11-09T21:31:13Z,80,0,2,74208.jpg,4.2,0,Pogba,439,Pogba,1,Paul Pogba,54,Manchester United,27,2158,6,10,7.81,4.59,0.33,0.19,Unfilled
185,65,2,4,2018-10-20T16:31:16Z,67,0,0,176297.jpg,2.5,1,Rashford,133,Rashford,1,Marcus Rashford,41,Manchester United,35,1792,7,5,5.53,4.6,0.28,0.23,Unfilled
186,110,1,4,2018-11-03T13:01:14Z,107,0,0,66749.jpg,3.8,0,Lukaku,375,Lukaku,1,Romelu Lukaku,6,Manchester United,34,2869,16,7,15.47,5.47,0.49,0.17,Unfilled
187,0,0,1,,43,0,0,19838.jpg,0.0,0,Elliot,0,Elliot,0,Robert Elliot,340,Newcastle United,16,1440,0,0,0.0,0.0,0.0,0.0,Unfilled
188,0,0,1,,44,0,0,59735.jpg,0.0,0,Darlow,0,Darlow,0,Karl Darlow,341,Newcastle United,10,900,0,0,0.0,0.0,0.0,0.0,Unfilled
189,151,3,2,2018-09-29T13:01:13Z,45,1,0,151119.jpg,3.2,0,Yedlin,28,Yedlin,1,DeAndre Yedlin,331,Newcastle United,34,2838,0,2,0.14,2.1,0.0,0.07,Unfilled
190,93,1,2,2018-11-02T18:31:13Z,45,0,0,58845.jpg,2.4,0,Clark,49,Clark,0,Ciaran Clark,148,Newcastle United,20,1744,2,1,2.17,0.95,0.11,0.05,Unfilled
191,164,3,2,2018-11-03T17:31:13Z,48,0,0,101148.jpg,3.1,0,Lascelles,60,Lascelles,0,Jamaal Lascelles,105,Newcastle United,33,2929,3,0,1.51,0.37,0.05,0.01,Unfilled
192,165,4,2,2018-10-20T13:01:17Z,44,0,0,106618.jpg,3.2,0,Dummett,13,Dummett,0,Paul Dummett,359,Newcastle United,20,1603,0,0,0.23,0.71,0.01,0.04,Unfilled
193,21,0,2,2018-09-15T13:01:14Z,44,0,0,109528.jpg,0.7,0,Manquillo,0,Manquillo,1,Javier Manquillo,406,Newcastle United,21,1759,0,1,0.09,1.12,0.0,0.06,Unfilled
194,0,0,2,2018-07-24T14:34:52Z,40,0,0,149736.jpg,0.0,0,Mbemba,0,Mbemba,0,Chancel Mbemba,358,Newcastle United,9,673,0,0,0.0,0.6,0.0,0.08,Unfilled
195,93,4,3,2018-08-28T13:31:12Z,58,0,0,56983.jpg,2.4,0,Ritchie,171,Ritchie,3,Matt Ritchie,89,Newcastle United,35,2822,3,5,3.19,6.59,0.1,0.21,Unfilled
196,108,3,3,2018-11-03T17:31:13Z,54,0,0,50232.jpg,2.6,0,Shelvey,104,Shelvey,0,Jonjo Shelvey,202,Newcastle United,30,2268,1,3,2.18,2.6,0.09,0.1,Unfilled
197,61,4,3,,49,0,0,28147.jpg,2.2,0,Diamé,99,Diamé,2,Mohamed Diamé,172,Newcastle United,31,2042,2,0,1.68,1.01,0.07,0.04,Unfilled
198,28,0,3,2018-07-05T14:31:07Z,52,0,0,104953.jpg,1.0,0,Atsu,25,Atsu,1,Christian Atsu,166,Newcastle United,28,1777,2,2,3.97,2.78,0.2,0.14,Unfilled
199,25,1,3,,48,0,0,114243.jpg,1.5,0,Murphy,22,Murphy,0,Jacob Murphy,246,Newcastle United,25,1147,1,1,1.65,1.39,0.13,0.11,Unfilled
200,0,0,3,2018-07-13T08:33:32Z,50,0,0,195384.jpg,0.0,0,Merino,0,Merino,0,Mikel Merino,240,Newcastle United,24,1336,1,1,0.51,0.74,0.03,0.05,Unfilled
201,15,0,3,2018-08-18T14:01:12Z,44,0,0,153127.jpg,0.3,1,Hayden,0,Hayden,0,Isaac Hayden,245,Newcastle United,26,1370,1,0,0.84,0.64,0.06,0.04,Unfilled
202,0,0,4,2018-08-07T09:52:46Z,60,0,0,104547.jpg,0.0,0,Gayle,0,Gayle,0,Dwight Gayle,50,Newcastle United,35,1968,6,3,9.67,2.39,0.44,0.11,Unfilled
203,101,3,4,,61,0,0,168580.jpg,2.7,0,Pérez,200,Pérez,0,Ayoze Pérez,35,Newcastle United,36,2502,8,5,6.86,5.45,0.25,0.2,Unfilled
204,167,3,2,2018-10-06T15:31:14Z,44,0,0,57145.jpg,3.4,0,Fernández,44,Fernández,1,Federico Fernández,196,Swansea,30,2678,1,1,1.06,0.76,0.04,0.03,Unfilled
205,154,3,4,2018-11-10T17:31:13Z,55,0,0,84939.jpg,4.0,0,Ings,489,Ings,1,Danny Ings,219,Liverpool,8,263,1,0,1.55,0.18,0.53,0.06,Unfilled
206,230,4,1,2018-10-11T09:01:15Z,45,0,0,58376.jpg,3.8,0,McCarthy,0,McCarthy,1,Alex McCarthy,309,Southampton,18,1620,0,0,0.0,0.0,0.0,0.0,Unfilled
207,0,0,1,,43,0,0,40383.jpg,0.0,0,Forster,0,Forster,0,Fraser Forster,352,Southampton,20,1800,0,0,0.0,0.0,0.0,0.0,Unfilled
208,171,4,2,2018-11-10T19:01:15Z,48,0,0,40146.jpg,2.8,0,Bertrand,85,Bertrand,5,Ryan Bertrand,356,Southampton,35,3138,0,4,2.02,2.82,0.06,0.08,Unfilled
209,26,0,2,,42,0,0,80447.jpg,1.5,0,Yoshida,42,Yoshida,0,Maya Yoshida,147,Southampton,24,2051,2,0,1.99,0.55,0.09,0.02,Unfilled
210,94,3,2,,43,0,0,88900.jpg,3.6,0,Stephens,77,Stephens,1,Jack Stephens,159,Southampton,22,1980,2,0,1.3,0.24,0.06,0.01,Unfilled
211,0,0,2,2018-08-30T19:31:12Z,40,0,0,153373.jpg,0.0,0,McQueen,0,McQueen,0,Sam McQueen,410,Southampton,7,136,0,0,0.03,0.12,0.02,0.08,Unfilled
212,17,0,2,,39,0,0,171771.jpg,1.0,0,Bednarek,0,Bednarek,0,Jan Bednarek,242,Southampton,5,429,1,0,0.28,0.0,0.06,0.0,Unfilled
213,197,4,2,2018-11-10T14:01:14Z,44,2,0,167075.jpg,2.4,0,Hoedt,37,Hoedt,1,Wesley Hoedt,394,Southampton,28,2520,0,1,1.85,0.78,0.07,0.03,Unfilled
214,3,0,3,,47,0,0,17339.jpg,1.0,0,Davis,0,Davis,0,Steven Davis,108,Southampton,23,1529,3,0,1.29,1.18,0.08,0.07,Unfilled
215,33,0,3,,51,0,0,101178.jpg,1.2,0,Ward-Prowse,28,Ward-Prowse,1,James Ward-Prowse,107,Southampton,30,1714,3,3,2.31,3.95,0.12,0.21,Unfilled
216,163,2,3,2018-10-27T17:01:14Z,45,0,0,132015.jpg,3.2,1,Højbjerg,120,Højbjerg,2,Pierre-Emile Højbjerg,252,Southampton,23,1669,0,0,0.7,0.6,0.04,0.03,Unfilled
217,0,0,3,2018-07-21T11:01:08Z,55,0,0,128198.jpg,0.0,0,Boufal,0,Boufal,0,Sofiane Boufal,158,Southampton,26,1198,2,2,1.63,1.71,0.12,0.13,Unfilled
218,121,4,3,,53,0,0,83283.jpg,2.3,0,Redmond,231,Redmond,0,Nathan Redmond,208,Southampton,31,1947,1,3,2.32,4.2,0.11,0.19,Unfilled
219,138,4,3,2018-11-10T14:01:14Z,49,0,0,151086.jpg,2.3,0,Lemina,137,Lemina,4,Mario Lemina,225,Southampton,25,1725,1,1,0.7,0.64,0.04,0.03,Unfilled
220,29,1,4,2018-11-10T20:01:16Z,48,0,0,20452.jpg,1.6,0,Long,155,Long,0,Shane Long,146,Southampton,30,1566,2,1,3.99,1.31,0.23,0.08,Unfilled
221,13,4,4,2018-10-27T17:01:14Z,55,0,1,78356.jpg,1.2,0,Austin,156,Austin,0,Charlie Austin,45,Southampton,24,1023,7,0,7.72,0.69,0.68,0.06,Unfilled
222,44,0,4,2018-09-20T13:31:13Z,56,0,0,61548.jpg,2.1,0,Gabbiadini,83,Gabbiadini,0,Manolo Gabbiadini,68,Southampton,28,1056,5,0,2.52,0.55,0.21,0.05,Unfilled
223,22,0,2,,42,0,0,169359.jpg,2.0,0,Targett,4,Targett,0,Matt Targett,369,Southampton,2,168,0,0,0.0,0.14,0.0,0.07,Unfilled
224,188,4,1,2018-08-31T12:31:13Z,54,0,0,37915.jpg,5.3,0,Lloris,0,Lloris,0,Hugo Lloris,310,Tottenham,36,3240,0,0,0.0,0.0,0.0,0.0,Unfilled
225,36,0,1,2018-09-22T16:01:13Z,48,0,0,39215.jpg,2.5,0,Vorm,0,Vorm,0,Michel Vorm,318,Tottenham,1,90,0,0,0.0,0.0,0.0,0.0,Unfilled
226,235,5,2,,59,0,0,55605.jpg,3.6,0,Alderweireld,63,Alderweireld,1,Toby Alderweireld,312,Tottenham,14,1177,0,0,0.35,0.18,0.03,0.01,Unfilled
227,100,3,2,2018-10-06T17:01:15Z,59,0,0,38290.jpg,4.7,0,Rose,44,Rose,2,Danny Rose,314,Tottenham,10,805,0,1,0.65,0.55,0.07,0.06,Unfilled
228,131,1,2,2018-09-29T16:31:13Z,59,0,0,39194.jpg,3.4,0,Vertonghen,55,Vertonghen,0,Jan Vertonghen,313,Tottenham,36,3209,0,0,0.81,1.02,0.02,0.03,Unfilled
229,122,2,2,,56,0,0,115556.jpg,2.3,0,Davies,75,Davies,1,Ben Davies,134,Tottenham,29,2328,2,6,1.02,3.74,0.04,0.14,Unfilled
230,258,4,2,2018-11-10T20:01:16Z,63,0,0,77794.jpg,5.4,0,Trippier,53,Trippier,1,Kieran Trippier,319,Tottenham,24,1910,0,5,0.43,4.26,0.02,0.2,Unfilled
231,0,0,2,,42,0,0,158534.jpg,0.0,0,Walker-Peters,0,Walker-Peters,0,Kyle Walker-Peters,370,Tottenham,3,187,0,2,0.0,1.39,0.0,0.67,Unfilled
232,53,1,2,2018-09-26T22:31:13Z,58,0,0,80226.jpg,4.0,0,Aurier,8,Aurier,0,Serge Aurier,168,Tottenham,17,1432,2,2,0.77,2.64,0.05,0.17,Unfilled
233,134,4,3,2018-11-10T16:31:13Z,48,0,0,93264.jpg,2.9,0,Dier,45,Dier,1,Eric Dier,316,Tottenham,34,2832,0,2,1.48,1.85,0.05,0.06,Unfilled
234,74,1,3,2018-11-03T22:01:14Z,49,0,0,39104.jpg,1.4,0,Dembélé,1,Dembélé,1,Mousa Dembélé,315,Tottenham,28,1882,0,0,0.36,0.6,0.02,0.03,Unfilled
235,121,2,3,2018-11-10T20:01:16Z,65,0,0,62974.jpg,5.1,0,Lamela,232,Lamela,0,Erik Lamela,132,Tottenham,25,822,2,2,3.58,1.85,0.39,0.2,Unfilled
236,102,1,3,2018-09-27T12:31:15Z,92,0,0,80607.jpg,2.4,0,Eriksen,129,Eriksen,0,Christian Eriksen,19,Tottenham,37,3239,10,10,7.25,11.89,0.2,0.33,Unfilled
237,25,1,3,2018-11-10T16:31:13Z,49,0,0,54756.jpg,1.5,0,Wanyama,21,Wanyama,0,Victor Wanyama,213,Tottenham,18,830,1,0,0.32,0.26,0.03,0.03,Unfilled
238,54,2,3,2018-08-18T13:01:12Z,55,0,0,157668.jpg,1.3,0,Winks,9,Winks,3,Harry Winks,382,Tottenham,16,771,0,1,0.05,0.57,0.01,0.07,Unfilled
239,103,3,3,2018-08-31T12:31:13Z,49,0,0,45268.jpg,3.0,0,Sissoko,63,Sissoko,0,Moussa Sissoko,204,Tottenham,33,1385,1,1,2.94,2.5,0.19,0.16,Unfilled
240,5,0,4,,56,0,0,19760.jpg,1.0,0,Llorente,6,Llorente,0,Fernando Llorente,233,Tottenham,16,206,1,0,1.17,0.13,0.51,0.06,Unfilled
241,202,5,4,,124,0,0,78830.jpg,5.1,0,Kane,580,Kane,3,Harry Kane,2,Tottenham,37,3094,30,2,26.86,3.82,0.78,0.11,Unfilled
242,48,1,1,,45,0,0,102884.jpg,5.0,0,Gazzaniga,0,Gazzaniga,0,Paulo Gazzaniga,384,Tottenham,1,90,0,0,0.0,0.0,0.0,0.0,Unfilled
243,0,0,1,,43,0,0,18656.jpg,0.0,0,Gomes,0,Gomes,0,Heurelho Gomes,288,Watford,24,2130,0,0,0.0,0.0,0.0,0.0,Unfilled
244,0,0,2,,42,0,0,37742.jpg,0.0,0,Kaboul,0,Kaboul,0,Younes Kaboul,332,Watford,2,153,0,0,0.0,0.0,0.0,0.0,Unfilled
245,188,3,2,2018-11-03T14:01:14Z,45,1,0,41338.jpg,3.2,0,Cathcart,137,Cathcart,1,Craig Cathcart,294,Watford,7,496,0,0,0.16,0.0,0.03,0.0,Unfilled
246,2,0,2,2018-10-20T16:31:17Z,42,0,0,41945.jpg,1.0,0,Prödl,0,Prödl,0,Sebastian Prödl,290,Watford,21,1566,0,0,0.92,0.32,0.05,0.02,Unfilled
247,190,1,2,2018-10-06T17:01:15Z,48,0,0,40868.jpg,4.4,0,Holebas,61,Holebas,6,José Holebas,291,Watford,28,2385,0,4,0.43,3.71,0.02,0.14,Unfilled
248,0,0,2,2018-09-26T00:31:14Z,44,0,0,52153.jpg,0.0,0,Britos,0,Britos,0,Miguel Britos,186,Watford,12,798,1,0,0.82,0.89,0.09,0.1,Unfilled
249,73,1,2,2018-10-06T17:01:15Z,45,0,0,85624.jpg,1.4,1,Kabasele,167,Kabasele,0,Christian Kabasele,156,Watford,28,2330,2,0,0.78,0.13,0.03,0.01,Unfilled
250,105,1,2,2018-09-27T15:31:13Z,49,0,0,52940.jpg,3.3,0,Janmaat,30,Janmaat,2,Daryl Janmaat,104,Watford,23,1823,3,0,1.65,0.99,0.08,0.05,Unfilled
251,81,2,2,,42,0,0,20145.jpg,3.0,0,Mariappa,28,Mariappa,0,Adrian Mariappa,273,Watford,28,2208,0,0,0.62,0.14,0.03,0.01,Unfilled
252,8,0,3,2018-10-18T16:31:15Z,45,0,0,89085.jpg,1.0,0,Chalobah,4,Chalobah,1,Nathaniel Chalobah,404,Watford,6,448,0,0,0.77,0.03,0.16,0.01,Unfilled
253,0,0,3,2018-07-05T14:31:07Z,50,0,0,43250.jpg,0.0,0,Cleverley,0,Cleverley,0,Tom Cleverley,190,Watford,23,1909,1,2,1.78,1.4,0.08,0.07,Unfilled
254,182,3,3,2018-11-04T20:31:15Z,51,0,0,38439.jpg,3.5,0,Capoue,75,Capoue,5,Etienne Capoue,187,Watford,23,1544,1,0,0.98,0.79,0.06,0.05,Unfilled
255,192,3,3,2018-07-29T09:01:10Z,59,1,0,121599.jpg,3.4,0,Doucouré,126,Doucouré,2,Abdoulaye Doucouré,47,Watford,37,3326,7,3,3.11,2.39,0.08,0.06,Unfilled
256,192,3,3,,64,0,0,61566.jpg,4.9,0,Pereyra,308,Pereyra,1,Roberto Pereyra,71,Watford,32,1618,5,2,3.91,2.67,0.22,0.15,Unfilled
257,104,4,3,2018-11-10T17:31:13Z,50,0,0,108413.jpg,2.8,0,Hughes,199,Hughes,3,Will Hughes,173,Watford,15,1004,2,3,0.66,1.48,0.06,0.13,Unfilled
258,36,2,3,2018-07-29T09:01:10Z,54,0,0,94924.jpg,3.6,0,Deulofeu,131,Deulofeu,1,Gerard Deulofeu,189,Watford,7,443,1,0,0.56,0.59,0.11,0.12,Unfilled
259,87,3,4,,60,0,0,73426.jpg,2.7,0,Gray,279,Gray,1,Andre Gray,69,Watford,31,1486,5,2,7.0,2.32,0.42,0.14,Unfilled
260,106,1,4,2018-10-20T16:31:17Z,59,0,0,41725.jpg,3.4,0,Deeney,372,Deeney,1,Troy Deeney,62,Watford,29,1832,5,2,7.15,2.38,0.35,0.12,Unfilled
261,-3,0,4,2018-09-26T00:31:14Z,50,0,0,20046.jpg,0.0,0,Okaka,4,Okaka,1,Stefano Okaka,236,Watford,15,437,1,1,1.86,0.38,0.38,0.08,Unfilled
262,0,0,4,2018-07-26T08:24:43Z,45,0,0,133801.jpg,0.0,0,Sinclair,0,Sinclair,0,Jerome Sinclair,383,Watford,4,26,0,0,0.0,0.08,0.0,0.27,Unfilled
263,227,1,1,,45,0,0,37096.jpg,3.8,0,Fabianski,0,Fabianski,0,Lukasz Fabianski,327,Swansea,38,3420,0,0,0.0,0.02,0.0,0.0,Unfilled
264,0,0,2,2018-07-05T14:31:07Z,44,0,0,48717.jpg,0.0,0,Reid,0,Reid,0,Winston Reid,277,West Ham,17,1455,0,0,0.16,0.24,0.01,0.01,Unfilled
265,63,0,2,2018-07-29T08:31:08Z,51,0,0,55459.jpg,1.4,0,Cresswell,12,Cresswell,1,Aaron Cresswell,185,West Ham,36,3081,1,7,0.67,3.32,0.02,0.1,Unfilled
266,30,0,2,,42,0,0,40669.jpg,0.5,0,Ogbonna,10,Ogbonna,1,Angelo Ogbonna,184,West Ham,32,2880,1,0,0.77,0.45,0.02,0.01,Unfilled
267,0,0,2,2018-08-15T09:19:35Z,45,0,0,113564.jpg,0.0,0,Byram,0,Byram,0,Sam Byram,373,West Ham,5,250,0,0,0.28,0.15,0.1,0.05,Unfilled
268,131,1,2,,43,0,0,20658.jpg,2.7,0,Zabaleta,36,Zabaleta,3,Pablo Zabaleta,306,West Ham,37,3299,0,1,0.33,0.93,0.01,0.03,Unfilled
269,0,0,2,,43,0,0,173792.jpg,0.0,0,Oxford,0,Oxford,0,Reece Oxford,278,West Ham,1,1,0,0,0.0,0.0,0.0,0.0,Unfilled
270,83,1,3,2018-10-27T19:01:15Z,49,0,0,18073.jpg,2.1,1,Noble,41,Noble,2,Mark Noble,77,West Ham,29,2411,4,0,2.28,1.81,0.09,0.07,Unfilled
271,70,1,3,2018-10-20T18:01:17Z,44,0,0,59779.jpg,2.4,0,Obiang,77,Obiang,0,Pedro Obiang,126,West Ham,21,1564,2,0,0.33,0.56,0.02,0.03,Unfilled
272,0,0,3,2018-07-05T14:31:07Z,64,0,0,86934.jpg,0.0,0,Lanzini,0,Lanzini,0,Manuel Lanzini,61,West Ham,27,2054,5,6,3.83,3.73,0.17,0.16,Unfilled
273,54,2,3,2018-08-26T16:31:13Z,68,0,0,57531.jpg,2.0,0,Antonio,257,Antonio,1,Michail Antonio,94,West Ham,21,1347,3,1,2.01,0.92,0.13,0.06,Unfilled
274,0,0,3,2018-08-10T14:01:13Z,45,0,0,163526.jpg,0.0,0,Fernandes,0,Fernandes,0,Edimilson Fernandes,403,West Ham,14,856,0,1,0.23,0.35,0.02,0.04,Unfilled
275,194,0,4,2018-10-27T19:01:15Z,71,0,0,41464.jpg,5.2,0,Arnautovic,448,Arnautovic,2,Marko Arnautovic,14,West Ham,31,2343,11,6,9.8,4.45,0.38,0.17,Unfilled
276,0,0,4,2018-07-12T19:31:08Z,54,0,0,40142.jpg,0.0,0,Carroll,0,Carroll,0,Andy Carroll,95,West Ham,16,739,3,0,1.57,0.53,0.19,0.06,Unfilled
277,52,1,3,2018-09-14T15:01:13Z,48,0,0,54102.jpg,1.8,0,Wilshere,11,Wilshere,2,Jack Wilshere,222,Arsenal,20,1179,1,3,1.16,2.28,0.09,0.17,Unfilled
